left,keyword,right
philadelphia count almeyda mr robertson count arandez warren carlos wood,pacomo,jefferson gusman abercrombie pedrillo durang herald jackson eugenia mrs entwistle
scene i a thick wood carlos carlos entering come along,pacomo,pacomo pacomo without here i come signor as fast as
i a thick wood carlos carlos entering come along pacomo,pacomo,pacomo without here i come signor as fast as the
a thick wood carlos carlos entering come along pacomo pacomo,pacomo,without here i come signor as fast as the briers
come signor as fast as the briers will permit me,pacomo,enters dragging a large portmanteau he stops at the wing
ruefully around no outlet yet sir car carlos none pac,pacomo,resting his portmanteau against a tree and taking his seat
minds to starve carlos this is a pleasant adventure pac,pacomo,you think so car carlos comical and incomprehensible pac pacomo
pacomo you think so car carlos comical and incomprehensible pac,pacomo,very rising and coming forward the history of our rambles
and how will you explain our last adventure sirrah pac,pacomo,nay sir posterity must explain for itself i shall simply
but where i arrived only to be again disappointed pac,pacomo,yes sir but where you lost no time in seeking
i still behold thee preparing for the august ceremony pac,pacomo,now in my opinion sir if i recollect right there
a car carlos o the devil take thy similitudes pac,pacomo,with all my heart sir and the inquisitor 's too
car carlos and a most ludicrous figure we cut pac,pacomo,remarkably amusing and as you observe sir it was vastly
gentlemen the banditti car carlos thou art a monstrous coward,pacomo,pac pacomo i believe i am sir now and then
banditti car carlos thou art a monstrous coward pacomo pac,pacomo,i believe i am sir now and then i have
are safe and have the world fairly before us pac,pacomo,not very clearly i conceive sir before us i should
utter aught against the dear capricious lovely inconstant sex pac,pacomo,egad sir your epithets are mingled like together but yet
car carlos o woman object of all my wishes pac,pacomo,cause of all my scratches car carlos thy bright eyes
scratches car carlos thy bright eyes may indeed wound pac,pacomo,and so indeed may thy long nails car carlos but
but how sweet the cure of thy balmy lips pac,pacomo,or thy snagged teeth car carlos o woman to thee
